-- DATOS DE LA TABLA EMPLEADOS

INSERT INTO Empleados (id_empleado, nombre_empleado, fecha_ingreso, cargo, correo) VALUES
(1, 'Carlos Andrés Pérez', '2018-02-15', 'Asesor', 'carlosandresperez@empresa.com.co'),
(2, 'María Fernanda Ríos', '2021-05-03', 'Ejecutivo', 'mariafernandarios@empresa.com.co'),
(3, 'Luis Miguel Rodríguez', '2017-09-10', 'Coordinador', 'luismiguelrodriguez@empresa.com.co'),
(4, 'Ana Sofía Martínez', '2019-11-22', 'Auxiliar', 'anasofiamartinez@empresa.com.co'),
(5, 'Julián Esteban Ramírez', '2020-07-14', 'Gerente', 'julianestebanramirez@empresa.com.co'),
(6, 'Paola Andrea Torres', '2016-03-08', 'Ejecutivo', 'paolaandreatorres@empresa.com.co'),
(7, 'Andrés Felipe Herrera', '2022-01-12', 'Asesor', 'andresfelipeherrera@empresa.com.co'),
(8, 'Laura Valentina Gómez', '2023-06-19', 'Auxiliar', 'lauravalentinagomez@empresa.com.co'),
(9, 'Santiago David Vargas', '2015-04-27', 'Gerente', 'santiagodavidvargas@empresa.com.co'),
(10, 'Catalina María Delgado', '2021-09-30', 'Coordinador', 'catalinamariadelgado@empresa.com.co'),
(11, 'Camilo José Cárdenas', '2018-12-05', 'Ejecutivo', 'camilojosecardenas@empresa.com.co'),
(12, 'Manuela Rodríguez López', '2017-07-17', 'Asesor', 'manuelarodriguezlopez@empresa.com.co'),
(13, 'Daniel Alejandro Suárez', '2020-02-11', 'Auxiliar', 'danielalejandrosuarez@empresa.com.co'),
(14, 'Natalia Andrea Méndez', '2019-08-06', 'Gerente', 'nataliaandreamendez@empresa.com.co'),
(15, 'Juan Pablo Morales', '2022-10-28', 'Ejecutivo', 'juanpablomorales@empresa.com.co'),
(16, 'Valentina Camila Niño', '2016-11-14', 'Coordinador', 'valentinacamilanino@empresa.com.co'),
(17, 'Jorge Enrique Tovar', '2018-06-01', 'Asesor', 'jorgeenriquetovar@empresa.com.co'),
(18, 'Daniela Sofía Acosta', '2021-03-09', 'Auxiliar', 'danielasofiaacosta@empresa.com.co'),
(19, 'Esteban Camargo Pérez', '2023-01-20', 'Ejecutivo', 'estebancamargoperez@empresa.com.co'),
(20, 'Tatiana Carolina Pineda', '2019-05-11', 'Gerente', 'tatianacarolinapineda@empresa.com.co'),
(21, 'Sebastián Mejía León', '2017-10-23', 'Auxiliar', 'sebastianmejialeon@empresa.com.co'),
(22, 'Karen Yuliana Salazar', '2020-01-04', 'Ejecutivo', 'karenyulianasalazar@empresa.com.co'),
(23, 'Felipe Arturo Bernal', '2022-04-18', 'Coordinador', 'felipearturobernal@empresa.com.co'),
(24, 'Sara Lucía Castaño', '2018-03-13', 'Asesor', 'saraluciacastano@empresa.com.co'),
(25, 'Miguel Ángel Peña', '2016-09-09', 'Gerente', 'miguelangelpena@empresa.com.co');
(26, 'Lorena Isabel Mendoza', '2020-08-22', 'Administrador', 'lorenaisabelmendoza@empresa.com.co'),
(27, 'Andrés Camilo Forero', '2019-04-16', 'Operador de Pagos', 'andrescamiloforero@empresa.com.co'),
(28, 'Claudia Marcela Gil', '2023-02-11', 'Consultor de Tarjetas', 'claudiamarcelagil@empresa.com.co'),
(29, 'Pedro Julián Gutiérrez', '2021-11-04', 'Auditor', 'pedrojuliangutierrez@empresa.com.co'),
(30, 'Isabella Cano Rincón', '2022-06-30', 'Ejecutivo', 'isabellacanorincon@empresa.com.co'),
(31, 'Juan Esteban Romero', '2015-12-01', 'Gerente', 'juanestebanromero@empresa.com.co'),
(32, 'Angie Paola Ruiz', '2020-10-08', 'Administrador', 'angiepaolaruiz@empresa.com.co'),
(33, 'Carlos Mauricio Bonilla', '2018-05-19', 'Asesor', 'carlosmauriciobonilla@empresa.com.co'),
(34, 'Tatiana Isabel Vargas', '2017-07-25', 'Coordinador', 'tatanaisabelvargas@empresa.com.co'),
(35, 'Diego Fernando Cárdenas', '2023-03-10', 'Auxiliar', 'diegofernandocardenas@empresa.com.co'),
(36, 'Paula Andrea Gallo', '2021-01-07', 'Consultor de Tarjetas', 'paulaandreagallo@empresa.com.co'),
(37, 'Cristian David Salinas', '2019-09-18', 'Operador de Pagos', 'cristiandavidsalinas@empresa.com.co'),
(38, 'Juliana María Quintero', '2020-06-03', 'Ejecutivo', 'julianamariaquintero@empresa.com.co'),
(39, 'Oscar Leonardo Pineda', '2016-04-28', 'Auditor', 'oscarleonardopineda@empresa.com.co'),
(40, 'Mónica Alejandra Díaz', '2022-12-21', 'Asesor', 'monicaalejandradiaz@empresa.com.co'),
(41, 'Javier Andrés Núñez', '2017-03-15', 'Gerente', 'javierandresnunez@empresa.com.co'),
(42, 'Daniela Tatiana López', '2018-10-27', 'Administrador', 'danielatatianalopez@empresa.com.co'),
(43, 'Felipe Camilo Ortegón', '2023-04-14', 'Auxiliar', 'felipecamiloortegon@empresa.com.co'),
(44, 'Luisa Fernanda Londoño', '2016-08-17', 'Consultor de Tarjetas', 'luisafernandalondono@empresa.com.co'),
(45, 'Camila Andrea Jiménez', '2021-02-25', 'Operador de Pagos', 'camilaandreajimenez@empresa.com.co'),
(46, 'Santiago Ramírez Hoyos', '2019-06-09', 'Coordinador', 'santiagoramirezhoyos@empresa.com.co'),
(47, 'Valeria Sofía Barrera', '2020-11-12', 'Auditor', 'valeriasofiabarrera@empresa.com.co'),
(48, 'Ricardo José Palacios', '2023-05-06', 'Asesor', 'ricardojosepalacios@empresa.com.co'),
(49, 'Natalia Beatriz Cruz', '2017-01-13', 'Administrador', 'nataliabeatrizcruz@empresa.com.co'),
(50, 'Manuel Alejandro Salcedo', '2022-08-29', 'Gerente', 'manuelalejandrosalcedo@empresa.com.co');

-- DATOS DE LA TABLA CLIENTES --

INSERT INTO Clientes (id_cliente, nombre, numero_cuenta, telefono, correo, id_empleado) VALUES
(1, 'Camila Hernández', '1293847583', ' 3114567890', 'camilahernandez@gmail.com', 5),
(2, 'David Torres', '2309485761', ' 3167891234', 'davidtorres@gmail.com', 3),
(3, 'Luisa Fernanda Gutiérrez', '9876543210', ' 3109876543', 'luisafernandag@mail.com', 7),
(4, 'Andrés López', '5647382910', ' 3151234567', 'andreslopez@gmail.com', 2),
(5, 'Sofía Pérez', '8473629102', ' 3147894561', 'sofiaperez@gmail.com', 1),
(6, 'Juan Camilo Rodríguez', '3948571028', ' 3196543210', 'juancamilor@gmail.com', 9),
(7, 'Valentina Rojas', '2983746501', ' 3123456789', 'valentinarojas@gmail.com', 4),
(8, 'Carlos Eduardo Nieto', '8374659201', ' 3104567891', 'carlosnieto@gmail.com', 6),
(9, 'Mariana Arias', '5647389201', ' 3145678902', 'marianaarias@gmail.com', 11),
(10, 'Daniel Esteban Ruiz', '1092837465', ' 3171234567', 'danielruiz@gmail.com', 8),
(11, 'Tatiana Forero', '3847561920', ' 3134567890', 'tatianaforero@gmail.com', 13),
(12, 'Santiago León', '9081726345', ' 3187890123', 'santiagoleon@gmail.com', 14),
(13, 'Isabela Martínez', '6574839201', ' 3107894561', 'isabelamartinez@gmail.com', 15),
(14, 'Felipe Acosta', '1938475602', ' 3129876543', 'felipeacosta@gmail.com', 12),
(15, 'Laura Jiménez', '3847562910', ' 3114561234', 'laurajimenez@gmail.com', 10),
(16, 'Juliana Vargas', '2736458190', ' 3199876543', 'julianavargas@gmail.com', 18),
(17, 'Mateo Ramírez', '1982736450', ' 3156789123', 'mateoramirez@gmail.com', 19),
(18, 'Gabriela Romero', '8374652810', ' 3137894561', 'gabrielaromero@gmail.com', 20),
(19, 'Emilio Salinas', '3748592018', ' 3124567890', 'emiliosalinas@gmail.com', 21),
(20, 'Diana Lucía Morales', '6573849201', ' 3103456789', 'dianamorales@gmail.com', 17),
(21, 'Juan José Castillo', '2948571039', ' 3198765432', 'juanjosecastillo@gmail.com', 22),
(22, 'Natalia Cano', '1827364950', ' 3165432187', 'nataliacano@gmail.com', 23),
(23, 'Esteban Beltrán', '7583946201', ' 3157896543', 'estebanbeltran@gmail.com', 16),
(24, 'Daniela Montoya', '3847561928', ' 3145678123', 'danielamontoya@gmail.com', 24),
(25, 'Samuel Quintero', '1938475610', ' 3117892345', 'samuelquintero@gmail.com', 25),
(26, 'Camilo Cárdenas', '2039485762', ' 3109871234', 'camilocardenas@gmail.com', 26),
(27, 'María Alejandra Ruiz', '8473629103', ' 3118765432', 'marialejandraruiz@gmail.com', 27),
(28, 'Julián Escobar', '3847561921', ' 3127654321', 'julianescobar@gmail.com', 28),
(29, 'Sara Milena Castro', '6574839202', ' 3136543210', 'saramilenacastro@gmail.com', 29),
(30, 'Felipe Andrés Mejía', '1938475603', ' 3145432109', 'felipeandresmejia@gmail.com', 30),
(31, 'Valentina Moreno', '9081726346', ' 3154321098', 'valentinamoreno@gmail.com', 31),
(32, 'Andrés Felipe Duarte', '1293847584', ' 3163210987', 'andresfelipeduarte@gmail.com', 32),
(33, 'Natalia Andrea Pino', '2309485762', ' 3172109876', 'nataliaandreapino@gmail.com', 33),
(34, 'Tomás Giraldo', '9876543211', ' 3181098765', 'tomasgiraldo@gmail.com', 34),
(35, 'Melany Rodríguez', '5647382911', ' 3199988776', 'melanyrodriguez@gmail.com', 35),
(36, 'Sebastián Lozano', '8473629104', ' 3128877665', 'sebastianlozano@gmail.com', 36),
(37, 'Isabela Cifuentes', '3948571029', ' 3107766554', 'isabelacifuentes@gmail.com', 37),
(38, 'Juan Sebastián Mora', '2983746502', ' 3116655443', 'juansebastianmora@gmail.com', 38),
(39, 'Manuela Torres', '8374659202', ' 3145544332', 'manuelatorres@gmail.com', 39),
(40, 'Alejandro Molina', '5647389202', ' 3164433221', 'alejandromolina@gmail.com', 40),
(41, 'Laura Valeria Chávez', '1092837466', ' 3173322110', 'laurachavez@gmail.com', 41),
(42, 'David Santiago Buitrago', '3847561922', ' 3182211009', 'davidsbuitrago@gmail.com', 42),
(43, 'Daniela Sofía Páez', '9081726347', ' 3191100998', 'danielasofia.paez@gmail.com', 43),
(44, 'Emilio Andrés Barrera', '6574839203', ' 3120099887', 'emilioabarrera@gmail.com', 44),
(45, 'Antonella Meneses', '1938475604', ' 3139988776', 'antonellameneses@gmail.com', 45),
(46, 'Samuel Alejandro Rico', '3847562912', ' 3148877665', 'samuelarico@gmail.com', 46),
(47, 'Mariana Sofía Prieto', '2736458191', ' 3157766554', 'marianaprieto@gmail.com', 47),
(48, 'Juan Pablo Benítez', '1982736451', ' 3166655443', 'juanpbenitez@gmail.com', 48),
(49, 'Luciana Gualteros', '8374652811', ' 3175544332', 'lucianagualteros@gmail.com', 49),
(50, 'Cristóbal Jiménez', '3748592019', ' 3184433221', 'cristobaljimenez@gmail.com', 50);

-- DATOS DE LA TABLA TIPOS_TARJETA--

INSERT INTO Tipos_Tarjeta (id_tipo_tarjeta, nombre_tipo, monto_apertura) VALUES
(3618, 'Black', 750000.00),
(3960, 'Internacional', 50000.00),
(5541, 'Empresarial', 30000.00),
(1241, 'Platina', 30000.00),
(3310, 'Joven', 150000.00),
(8488, 'Clásica', 50000.00),
(2488, 'Digital', 50000.00),
(2564, 'Premium', 750000.00),
(1008, 'Premium', 150000.00),
(4503, 'Joven', 150000.00),
(9694, 'Eco', 500000.00),
(4859, 'Platina', 500000.00),
(5095, 'Black', 100000.00),
(8860, 'Digital', 500000.00),
(7043, 'Premium', 100000.00),
(7000, 'Platina', 200000.00),
(2464, 'Oro', 50000.00),
(6474, 'Eco', 150000.00),
(1500, 'Digital', 150000.00),
(7641, 'Internacional', 50000.00),
(4539, 'Oro', 750000.00),
(2361, 'Digital', 200000.00),
(5106, 'Empresarial', 200000.00),
(7249, 'Black', 30000.00),
(4233, 'Empresarial', 300000.00),
(4723, 'Premium', 750000.00),
(1960, 'Digital', 150000.00),
(4074, 'Premium', 500000.00),
(5272, 'Joven', 500000.00),
(7947, 'Platina', 30000.00),
(2194, 'Empresarial', 30000.00),
(1405, 'Internacional', 75000.00),
(3785, 'Oro', 250000.00),
(8050, 'Eco', 300000.00),
(4158, 'Black', 250000.00),
(8258, 'Premium', 300000.00),
(1940, 'Clásica', 500000.00),
(2567, 'Eco', 50000.00),
(1556, 'Oro', 30000.00),
(9450, 'Black', 100000.00);

-- DATOS DE LOS DESCUENTOS

INSERT INTO Descuentos (`id_descuento`, `nombre_categoria`, `descripcion`) VALUES
(1, 'Crédito Hipotecario', '2.5% de descuento en la tasa de créditos hipotecarios con BANCO CL para comprar tu casa en Colombia.'),
(2, 'Cuota Tarjeta Crédito', '50% de descuento en la cuota de manejo de tarjetas BANCO CL en almacenes Éxito.'),
(3, 'Transferencias Interbancarias', '0% de costo en transferencias a bancos colombianos con BANCO CL.'),
(4, 'Crédito de Consumo', '3% de descuento en la tasa de créditos de consumo para compras en Falabella con BANCO CL.'),
(5, 'Seguro de Vida', '15% de descuento en pólizas de vida con BANCO CL para proteger a tu familia.'),
(6, 'Préstamo Vehículo', '2% de descuento en la tasa de préstamos para comprar un Renault en Colombia con BANCO CL.'),
(7, 'Cuenta Ahorros', 'Bono de $50.000 en apertura de cuentas de ahorro con BANCO CL.'),
(8, 'Inversiones CDT', '0.8% adicional en la rentabilidad de CDT con BANCO CL para tus ahorros.'),
(9, 'Tarjeta de Crédito', '20% de descuento en la primera compra en Alkosto con tarjeta BANCO CL.'),
(10, 'Crédito Empresarial', '3.5% de descuento en la tasa de créditos para PYMES en Colombia con BANCO CL.'),
(11, 'Seguro de Vehículo', '10% de descuento en seguros para carros con BANCO CL en talleres de Bogotá.'),
(12, 'Retiros Cajero', 'Retiros sin costo en cajeros BANCO CL en todo el país durante 6 meses.'),
(13, 'Tasa de Sobregiro', '25% de descuento en la tasa de sobregiro para clientes BANCO CL.'),
(14, 'Transferencias Internacionales', '7% de descuento en comisiones por giros a familiares en el exterior con BANCO CL.'),
(15, 'Plan de Ahorro', '12% de bonificación en el primer depósito de planes de ahorro con BANCO CL.'),
(16, 'Crédito Educativo', '4% de descuento en la tasa de créditos para estudiar en universidades como Los Andes con BANCO CL.'),
(17, 'Seguro de Hogar', '20% de descuento en seguros de hogar para casas en Medellín con BANCO CL.'),
(18, 'Línea de Crédito', '1.5% de descuento en la tasa de líneas de crédito para negocios en Cali con BANCO CL.'),
(19, 'Pago de Facturas', '0% de costo en pagos de servicios como EPM o Codensa con BANCO CL.'),
(20, 'Fondo de Inversión', '10% de descuento en comisiones de fondos de inversión BANCO CL para el mercado colombiano.'),
(21, 'Tarjeta Débito', '7% de cashback en compras en Olímpica con tarjeta débito BANCO CL.'),
(22, 'Préstamo Personal', '2.5% de descuento en la tasa de préstamos personales para tus vacaciones en Cartagena con BANCO CL.'),
(23, 'Seguro de Viaje', '25% de descuento en seguros de viaje para destinos como San Andrés con BANCO CL.'),
(24, 'Cambio de Divisas', '5% de descuento en comisiones por cambio de dólares en casas de cambio con BANCO CL.'),
(25, 'Cuenta Nómina', 'Bono de $100.000 en la apertura de cuentas nómina con BANCO CL.'),
(26, 'Crédito Reforma Hogar', '3% de descuento en la tasa de créditos para remodelar tu casa en Barranquilla con BANCO CL.'),
(27, 'Seguro de Salud', '12% de descuento en pólizas de salud con Sura a través de BANCO CL.'),
(28, 'Tarjeta Premium', '30% de descuento en la cuota de tarjetas premium BANCO CL para compras en Unicentro.'),
(29, 'Inversión en Acciones', '8% de descuento en comisiones por inversiones en la Bolsa de Valores de Colombia con BANCO CL.'),
(30, 'Préstamo Motocicleta', '2% de descuento en la tasa de préstamos para motos Yamaha con BANCO CL.'),
(31, 'Seguro de Mascotas', '15% de descuento en seguros para mascotas en clínicas veterinarias con BANCO CL.'),
(32, 'Cuenta Infantil', 'Bono de $30.000 en apertura de cuentas infantiles con BANCO CL para el futuro de tus hijos.'),
(33, 'Tasa Microcrédito', '4% de descuento en la tasa de microcréditos para emprendedores en el Valle con BANCO CL.'),
(34, 'Transferencias Móviles', '0% de costo en transferencias vía Nequi o Daviplata con BANCO CL.'),
(35, 'Seguro de Accidentes', '10% de descuento en seguros de accidentes personales con BANCO CL.'),
(36, 'Plan Pensional', '5% de descuento en aportes a planes pensionales con Colpensiones y BANCO CL.'),
(37, 'Tarjeta Empresarial', '15% de cashback en compras en HomeCenter con tarjeta empresarial BANCO CL.'),
(38, 'Crédito Agrícola', '3.5% de descuento en la tasa de créditos agrícolas para caficultores con BANCO CL.'),
(39, 'Seguro de Estudios', '20% de descuento en seguros educativos para colegios en Bogotá con BANCO CL.'),
(40, 'Inversión Sostenible', '7% de descuento en comisiones de fondos sostenibles con BANCO CL.'),
(41, 'Préstamo Vacaciones', '2.5% de descuento en la tasa de préstamos para viajar al Eje Cafetero con BANCO CL.'),
(42, 'Cuenta Digital', '0% de costo en mantenimiento de cuentas digitales BANCO CL para pagos en Rappi.'),
(43, 'Seguro de Celulares', '15% de descuento en seguros para celulares comprados en Ktronix con BANCO CL.'),
(44, 'Tasa Leasing', '3% de descuento en la tasa de contratos de leasing para maquinaria con BANCO CL.'),
(45, 'Tarjeta Estudiantil', '10% de cashback en librerías como Panamericana con tarjeta BANCO CL.'),
(46, 'Crédito Emprendedor', '4% de descuento en la tasa de créditos para startups en Medellín con BANCO CL.'),
(47, 'Seguro de Arte', '12% de descuento en seguros para colecciones de arte con BANCO CL.'),
(48, 'Inversión en Bonos', '6% de descuento en comisiones por bonos del gobierno colombiano con BANCO CL.'),
(49, 'Préstamo Salud', '3% de descuento en la tasa de créditos para procedimientos médicos con BANCO CL.'),
(50, 'Cuenta Senior', 'Bono de $75.000 en apertura de cuentas para adultos mayores con BANCO CL.');

-- DATOS DE LA TARJETA --

INSERT INTO Tarjetas (id_tarjeta, id_cliente, id_tipo_tarjeta, id_descuento) VALUES
(20001, 12, 3618, 5),
(20002, 34, 3960, 3),
(20003, 45, 5541, 12),
(20004, 8, 1241, 7),
(20005, 21, 3310, 18),
(20006, 56, 8488, 2),
(20007, 63, 2488, 6),
(20008, 29, 2564, 14),
(20009, 11, 1008, 9),
(20010, 87, 4503, 1),
(20011, 32, 9694, 4),
(20012, 77, 4859, 11),
(20013, 58, 5095, 13),
(20014, 4, 8860, 10),
(20015, 14, 7043, 16),
(20016, 39, 7000, 8),
(20017, 91, 2464, 17),
(20018, 67, 6474, 15),
(20019, 23, 1500, 2),
(20020, 18, 7641, 5),
(20021, 7, 4539, 1),
(20022, 92, 2361, 20),
(20023, 25, 5106, 6),
(20024, 86, 7249, 9),
(20025, 36, 4233, 3),
(20026, 99, 4723, 12),
(20027, 44, 1960, 8),
(20028, 53, 4074, 19),
(20029, 16, 5272, 10),
(20030, 78, 7947, 7),
(20031, 2, 2194, 18),
(20032, 62, 1405, 4),
(20033, 9, 3785, 11),
(20034, 74, 8050, 17),
(20035, 33, 4158, 13),
(20036, 88, 8258, 14),
(20037, 20, 1940, 16),
(20038, 60, 2567, 15),
(20039, 97, 1556, 3),
(20040, 13, 9450, 6);

-- DATOS DE HISTORIAL DE DESCUENTO

INSERT INTO Historial_Descuentos (`id_historial_descuento`, `id_tarjeta`, `porcentaje_anterior`, `porcentaje_nuevo`, `fecha_cambio`) VALUES
(1, 20001, 10.00, 15.00, '2025-01-10'),
(2, 20002, 0.00, 0.00, '2025-01-15'),
(3, 20003, 0.00, 0.00, '2025-01-20'),
(4, 20004, 0.00, 5.00, '2025-01-25'),
(5, 20005, 20.00, 15.00, '2025-02-01'),
(6, 20006, 50.00, 40.00, '2025-02-05'),
(7, 20007, 2.00, 2.50, '2025-02-10'),
(8, 20008, 7.00, 5.00, '2025-02-15'),
(9, 20009, 20.00, 15.00, '2025-02-20'),
(10, 20010, 2.50, 3.00, '2025-02-25'),
(11, 20011, 3.00, 3.50, '2025-03-01'),
(12, 20012, 0.00, 0.00, '2025-03-05'),
(13, 20013, 25.00, 20.00, '2025-03-10'),
(14, 20014, 3.50, 4.00, '2025-03-15'),
(15, 20015, 4.00, 3.50, '2025-03-20'),
(16, 20016, 10.00, 12.00, '2025-03-25'),
(17, 20017, 20.00, 15.00, '2025-04-01'),
(18, 20018, 5.00, 3.00, '2025-04-05'),
(19, 20019, 50.00, 40.00, '2025-04-10'),
(20, 20020, 10.00, 15.00, '2025-04-15'),
(21, 20021, 2.50, 3.00, '2025-04-20'),
(22, 20022, 10.00, 8.00, '2025-04-25'),
(23, 20023, 2.00, 2.50, '2025-05-01'),
(24, 20024, 20.00, 15.00, '2025-05-05'),
(25, 20025, 0.00, 0.00, '2025-05-10'),
(26, 20026, 0.00, 0.00, '2025-05-15'),
(27, 20027, 10.00, 12.00, '2025-05-20'),
(28, 20028, 15.00, 10.00, '2025-05-25'),
(29, 20029, 3.50, 4.00, '2025-06-01'),
(30, 20030, 0.00, 5.00, '2025-06-05'),
(31, 20031, 20.00, 15.00, '2025-06-10'),
(32, 20032, 3.00, 3.50, '2025-06-15'),
(33, 20033, 0.00, 0.00, '2025-06-20'),
(34, 20034, 20.00, 15.00, '2025-06-25'),
(35, 20035, 25.00, 20.00, '2025-07-01'),
(36, 20036, 7.00, 5.00, '2025-07-05'),
(37, 20037, 4.00, 3.50, '2025-07-10'),
(38, 20038, 5.00, 3.00, '2025-07-15'),
(39, 20039, 0.00, 0.00, '2025-07-20'),
(40, 20040, 2.00, 2.50, '2025-07-25'),
(41, 20001, 15.00, 10.00, '2025-08-01'),
(42, 20005, 15.00, 20.00, '2025-08-05'),
(43, 20010, 3.00, 2.50, '2025-08-10'),
(44, 20015, 3.50, 4.00, '2025-08-15'),
(45, 20020, 10.00, 8.00, '2025-08-20'),
(46, 20025, 0.00, 0.00, '2025-08-25'),
(47, 20030, 5.00, 7.00, '2025-09-01'),
(48, 20035, 20.00, 15.00, '2025-09-05'),
(49, 20002, 0.00, 0.00, '2025-09-10'),
(50, 20007, 2.50, 3.00, '2025-09-15');

-- DATOS DE ESTADO DE CUOTA  --

INSERT INTO Estado_Cuota (id_estado_cuota, descripcion) VALUES
(1, 'Aceptada'),
(2, 'Cancelada'),
(3, 'Reembolsada'),
(4, 'Pendiente'),
(5, 'Pagada'),
(6, 'Aceptada'),
(7, 'Cancelada'),
(8, 'Pendiente'),
(9, 'Pagada'),
(10, 'Aceptada'),
(11, 'Reembolsada'),
(12, 'Cancelada'),
(13, 'Pendiente'),
(14, 'Pagada'),
(15, 'Reembolsada'),
(16, 'Aceptada'),
(17, 'Cancelada'),
(18, 'Pendiente'),
(19, 'Pagada'),
(20, 'Reembolsada'),
(21, 'Aceptada'),
(22, 'Cancelada'),
(23, 'Pendiente'),
(24, 'Pagada'),
(25, 'Reembolsada'),
(26, 'Aceptada'),
(27, 'Cancelada'),
(28, 'Pendiente'),
(29, 'Pagada'),
(30, 'Reembolsada'),
(31, 'Aceptada'),
(32, 'Cancelada'),
(33, 'Pendiente'),
(34, 'Pagada'),
(35, 'Reembolsada'),
(36, 'Aceptada'),
(37, 'Cancelada'),
(38, 'Pendiente'),
(39, 'Pagada'),
(40, 'Reembolsada');

-- DATOS DE LA TABLA CUOTAS DE MANEJO

INSERT INTO Cuotas_de_Manejo (`id_cuota_manejo`, `id_tarjeta`, `monto`, `fecha_vencimiento`, `id_estado_cuota`) VALUES
(1, 20001, 15000.00, '2025-07-05', 4),
(2, 20002, 20000.00, '2025-07-10', 5),
(3, 20003, 25000.00, '2025-07-15', 4),
(4, 20004, 12000.00, '2025-07-20', 8),
(5, 20005, 30000.00, '2025-07-25', 5),
(6, 20006, 18000.00, '2025-07-30', 9),
(7, 20007, 22000.00, '2025-08-05', 4),
(8, 20008, 15000.00, '2025-08-10', 13),
(9, 20009, 20000.00, '2025-08-15', 5),
(10, 20010, 25000.00, '2025-08-20', 4),
(11, 20011, 10000.00, '2025-08-25', 18),
(12, 20012, 18000.00, '2025-08-30', 5),
(13, 20013, 20000.00, '2025-09-05', 23),
(14, 20014, 15000.00, '2025-09-10', 4),
(15, 20015, 30000.00, '2025-09-15', 5),
(16, 20016, 25000.00, '2025-09-20', 28),
(17, 20017, 20000.00, '2025-09-25', 9),
(18, 20018, 18000.00, '2025-09-30', 4),
(19, 20019, 15000.00, '2025-10-05', 5),
(20, 20020, 22000.00, '2025-10-10', 33),
(21, 20021, 25000.00, '2025-10-15', 4),
(22, 20022, 20000.00, '2025-10-20', 5),
(23, 20023, 18000.00, '2025-10-25', 38),
(24, 20024, 15000.00, '2025-10-30', 9),
(25, 20025, 30000.00, '2025-11-05', 4),
(26, 20026, 20000.00, '2025-11-10', 5),
(27, 20027, 12000.00, '2025-11-15', 1),
(28, 20028, 25000.00, '2025-11-20', 5),
(29, 20029, 18000.00, '2025-11-25', 4),
(30, 20030, 15000.00, '2025-11-30', 15),
(31, 20031, 20000.00, '2025-12-05', 5),
(32, 20032, 22000.00, '2025-12-10', 4),
(33, 20033, 15000.00, '2025-12-15', 19),
(34, 20034, 25000.00, '2025-12-20', 5),
(35, 20035, 18000.00, '2025-12-25', 4),
(36, 20036, 20000.00, '2025-12-30', 24),
(37, 20037, 15000.00, '2026-01-05', 5),
(38, 20038, 30000.00, '2026-01-10', 4),
(39, 20039, 20000.00, '2026-01-15', 29),
(40, 20040, 18000.00, '2026-01-20', 5),
(41, 20001, 25000.00, '2026-01-25', 4),
(42, 20005, 15000.00, '2026-01-30', 34),
(43, 20010, 20000.00, '2026-02-05', 5),
(44, 20015, 22000.00, '2026-02-10', 4),
(45, 20020, 18000.00, '2026-02-15', 11),
(46, 20025, 15000.00, '2026-02-20', 5),
(47, 20030, 20000.00, '2026-02-25', 4),
(48, 20002, 25000.00, '2026-03-05', 39),
(49, 20007, 18000.00, '2026-03-10', 5),
(50, 20012, 30000.00, '2026-03-15', 4);

-- DATOS DE LA TABLA METODOS_PAGO --

INSERT INTO Metodos_Pago (id_metodo, descripcion, estado_cuenta) VALUES
(1, 'Efectivo', 'Activo'),
(2, 'Tarjeta de crédito', 'Activo'),
(3, 'Tarjeta débito', 'Activo'),
(4, 'Transferencia bancaria', 'Activo'),
(5, 'PSE', 'Activo'),
(6, 'Nequi', 'Activo'),
(7, 'Daviplata', 'Activo'),
(8, 'Efectivo', 'Inactivo'),
(9, 'Tarjeta de crédito', 'Activo'),
(10, 'Tarjeta débito', 'Activo'),
(11, 'Transferencia bancaria', 'Inactivo'),
(12, 'PSE', 'Activo'),
(13, 'Nequi', 'Activo'),
(14, 'Daviplata', 'Inactivo'),
(15, 'Efectivo', 'Activo'),
(16, 'Tarjeta de crédito', 'Activo'),
(17, 'Tarjeta débito', 'Activo'),
(18, 'Transferencia bancaria', 'Activo'),
(19, 'PSE', 'Inactivo'),
(20, 'Nequi', 'Activo'),
(21, 'Daviplata', 'Activo'),
(22, 'Efectivo', 'Activo'),
(23, 'Tarjeta de crédito', 'Activo'),
(24, 'Tarjeta débito', 'Activo'),
(25, 'Transferencia bancaria', 'Activo'),
(26, 'PSE', 'Activo'),
(27, 'Nequi', 'Activo'),
(28, 'Daviplata', 'Activo'),
(29, 'Efectivo', 'Inactivo'),
(30, 'Tarjeta de crédito', 'Activo'),
(31, 'Tarjeta débito', 'Activo'),
(32, 'Transferencia bancaria', 'Activo'),
(33, 'PSE', 'Activo'),
(34, 'Nequi', 'Inactivo'),
(35, 'Daviplata', 'Activo'),
(36, 'Efectivo', 'Activo'),
(37, 'Tarjeta de crédito', 'Activo'),
(38, 'Tarjeta débito', 'Activo'),
(39, 'Transferencia bancaria', 'Activo'),
(40, 'PSE', 'Activo'),
(41, 'Nequi', 'Activo'),
(42, 'Daviplata', 'Activo'),
(43, 'Efectivo', 'Activo'),
(44, 'Tarjeta de crédito', 'Inactivo'),
(45, 'Tarjeta débito', 'Activo'),
(46, 'Transferencia bancaria', 'Activo'),
(47, 'PSE', 'Activo'),
(48, 'Nequi', 'Activo'),
(49, 'Daviplata', 'Inactivo'),
(50, 'Efectivo', 'Activo');

-- DATOS DE LA TABLA PAGOS

INSERT INTO Pagos (`id_pago`, `id_cuota_manejo`, `fecha_pago`, `monto`, `estado`, `id_metodo`) VALUES
(1, 1, '2025-01-05', 15000.00, 'Completado', 5),
(2, 2, '2025-01-10', 20000.00, 'Completado', 2),
(3, 3, '2025-01-15', 25000.00, 'Pendiente', 3),
(4, 4, '2025-01-20', 12000.00, 'Completado', 4),
(5, 5, '2025-01-25', 30000.00, 'Completado', 6),
(6, 6, '2025-01-30', 18000.00, 'Fallido', 7),
(7, 7, '2025-02-04', 22000.00, 'Completado', 9),
(8, 8, '2025-02-09', 15000.00, 'Pendiente', 10),
(9, 9, '2025-02-14', 20000.00, 'Completado', 12),
(10, 10, '2025-02-19', 25000.00, 'Completado', 13),
(11, 11, '2025-02-24', 10000.00, 'Reembolsado', 15),
(12, 12, '2025-03-01', 18000.00, 'Completado', 16),
(13, 13, '2025-03-06', 20000.00, 'Pendiente', 17),
(14, 14, '2025-03-11', 15000.00, 'Completado', 18),
(15, 15, '2025-03-16', 30000.00, 'Completado', 20),
(16, 16, '2025-03-21', 25000.00, 'Fallido', 21),
(17, 17, '2025-03-26', 20000.00, 'Completado', 23),
(18, 18, '2025-03-31', 18000.00, 'Completado', 24),
(19, 19, '2025-04-05', 15000.00, 'Pendiente', 25),
(20, 20, '2025-04-10', 22000.00, 'Completado', 26),
(21, 21, '2025-04-15', 25000.00, 'Reembolsado', 27),
(22, 22, '2025-04-20', 20000.00, 'Completado', 28),
(23, 23, '2025-04-25', 18000.00, 'Completado', 30),
(24, 24, '2025-04-30', 15000.00, 'Pendiente', 31),
(25, 25, '2025-05-05', 30000.00, 'Completado', 32),
(26, 26, '2025-05-10', 20000.00, 'Fallido', 33),
(27, 27, '2025-05-15', 12000.00, 'Completado', 35),
(28, 28, '2025-05-20', 25000.00, 'Completado', 36),
(29, 29, '2025-05-25', 18000.00, 'Pendiente', 37),
(30, 30, '2025-05-30', 15000.00, 'Reembolsado', 38),
(31, 31, '2025-06-04', 20000.00, 'Completado', 39),
(32, 32, '2025-06-09', 22000.00, 'Completado', 40),
(33, 33, '2025-06-14', 15000.00, 'Pendiente', 41),
(34, 34, '2025-06-19', 25000.00, 'Completado', 42),
(35, 35, '2025-06-24', 18000.00, 'Completado', 43),
(36, 36, '2025-06-29', 20000.00, 'Fallido', 45),
(37, 37, '2025-07-04', 15000.00, 'Completado', 46),
(38, 38, '2025-07-09', 30000.00, 'Completado', 47),
(39, 39, '2025-07-14', 20000.00, 'Pendiente', 48),
(40, 40, '2025-07-19', 18000.00, 'Completado', 50),
(41, 41, '2025-07-24', 25000.00, 'Reembolsado', 1),
(42, 42, '2025-07-29', 15000.00, 'Completado', 2),
(43, 43, '2025-08-03', 20000.00, 'Completado', 3),
(44, 44, '2025-08-08', 22000.00, 'Pendiente', 4),
(45, 45, '2025-08-13', 18000.00, 'Completado', 5),
(46, 46, '2025-08-18', 15000.00, 'Fallido', 6),
(47, 47, '2025-08-23', 20000.00, 'Completado', 7),
(48, 48, '2025-08-28', 25000.00, 'Completado', 9),
(49, 49, '2025-09-02', 18000.00, 'Pendiente', 10),
(50, 50, '2025-09-07', 30000.00, 'Completado', 12);

-- DATOS DE LA TABLA TRANSACCIONES --

INSERT INTO Transacciones (id_transaccion, id_pago, fecha_transaccion, monto, tipo_transaccion) VALUES
(1, 101, '2024-12-05', 150000.00, 'Ingreso'),
(2, 102, '2025-01-15', 80000.00, 'Egreso'),
(3, 103, '2025-02-20', 120000.00, 'Ingreso'),
(4, 104, '2025-03-10', 50000.00, 'Egreso'),
(5, 105, '2025-03-18', 98000.00, 'Ingreso'),
(6, 106, '2025-04-01', 75000.00, 'Egreso'),
(7, 107, '2025-04-12', 60000.00, 'Ingreso'),
(8, 108, '2025-04-25', 45000.00, 'Egreso'),
(9, 109, '2025-05-03', 134000.00, 'Ingreso'),
(10, 110, '2025-05-10', 72000.00, 'Egreso'),
(11, 111, '2025-05-11', 96000.00, 'Ingreso'),
(12, 112, '2025-05-12', 66000.00, 'Egreso'),
(13, 113, '2025-05-13', 54000.00, 'Ingreso'),
(14, 114, '2025-05-14', 89000.00, 'Egreso'),
(15, 115, '2025-05-15', 102000.00, 'Ingreso'),
(16, 116, '2025-05-16', 93000.00, 'Egreso'),
(17, 117, '2025-05-17', 115000.00, 'Ingreso'),
(18, 118, '2025-05-18', 64000.00, 'Egreso'),
(19, 119, '2025-05-19', 123000.00, 'Ingreso'),
(20, 120, '2025-05-20', 53000.00, 'Egreso'),
(21, 121, '2025-05-21', 88000.00, 'Ingreso'),
(22, 122, '2025-05-22', 47000.00, 'Egreso'),
(23, 123, '2025-05-23', 134000.00, 'Ingreso'),
(24, 124, '2025-05-24', 82000.00, 'Egreso'),
(25, 125, '2025-05-25', 99000.00, 'Ingreso'),
(26, 126, '2025-05-26', 72000.00, 'Egreso'),
(27, 127, '2025-05-27', 110000.00, 'Ingreso'),
(28, 128, '2025-05-28', 56000.00, 'Egreso'),
(29, 129, '2025-05-29', 105000.00, 'Ingreso'),
(30, 130, '2025-05-30', 68000.00, 'Egreso'),
(31, 131, '2025-06-01', 121000.00, 'Ingreso'),
(32, 132, '2025-06-02', 77000.00, 'Egreso'),
(33, 133, '2025-06-03', 89000.00, 'Ingreso'),
(34, 134, '2025-06-04', 43000.00, 'Egreso'),
(35, 135, '2025-06-05', 94000.00, 'Ingreso'),
(36, 136, '2025-06-06', 71000.00, 'Egreso'),
(37, 137, '2025-06-07', 87000.00, 'Ingreso'),
(38, 138, '2025-06-08', 49000.00, 'Egreso'),
(39, 139, '2025-06-09', 108000.00, 'Ingreso'),
(40, 140, '2025-06-10', 57000.00, 'Egreso'),
(41, 141, '2025-06-11', 96000.00, 'Ingreso'),
(42, 142, '2025-06-12', 64000.00, 'Egreso'),
(43, 143, '2025-06-13', 122000.00, 'Ingreso'),
(44, 144, '2025-06-14', 52000.00, 'Egreso'),
(45, 145, '2025-06-15', 91000.00, 'Ingreso'),
(46, 146, '2025-06-16', 49000.00, 'Egreso'),
(47, 147, '2025-06-17', 119000.00, 'Ingreso'),
(48, 148, '2025-06-18', 66000.00, 'Egreso'),
(49, 149, '2025-06-19', 101000.00, 'Ingreso'),
(50, 150, '2025-06-20', 73000.00, 'Egreso');

-- DATOS DE LA TABLA NOTIFICACIONES

INSERT INTO Notificaciones (`id_notificacion`, `id_cliente`, `mensaje`, `fecha_envio`, `tipo`, `leido`) VALUES
(1, 1, '¡Camila, paga tu cuota de manejo de $15,000 antes del 5 de julio con BANCO CL!', '2025-05-01', 'Recordatorio', FALSE),
(2, 2, 'David, disfruta 20% de descuento en Alkosto con tu tarjeta BANCO CL.', '2025-05-03', 'Promoción', TRUE),
(3, 3, 'Luisa, tu pago de $25,000 fue procesado con éxito vía PSE.', '2025-05-05', 'Confirmación', TRUE),
(4, 4, 'Andrés, alerta: Intento de pago fallido. Revisa tu cuenta BANCO CL.', '2025-05-07', 'Alerta', FALSE),
(5, 5, 'Sofía, activa tu cuenta digital BANCO CL y obtén un bono de $50,000.', '2025-05-09', 'Promoción', FALSE),
(6, 6, 'Juan, tu cuota de manejo de $18,000 vence el 30 de julio.', '2025-05-11', 'Recordatorio', FALSE),
(7, 7, 'Valentina, paga con Nequi y evita la cuota de manejo en BANCO CL.', '2025-05-13', 'Promoción', TRUE),
(8, 8, 'Carlos, tu pago de $15,000 fue confirmado. ¡Gracias por usar BANCO CL!', '2025-05-15', 'Confirmación', TRUE),
(9, 9, 'Mariana, revisa tu estado de cuenta en la app BANCO CL.', '2025-05-17', 'Alerta', FALSE),
(10, 10, 'Daniel, 15% de descuento en seguros con BANCO CL. ¡Aprovecha!', '2025-05-19', 'Promoción', FALSE),
(11, 11, 'Tatiana, tu cuota de $10,000 está pendiente. Paga antes del 25 de agosto.', '2025-05-21', 'Recordatorio', FALSE),
(12, 12, 'Santiago, confirma tu pago de $18,000 vía Daviplata con BANCO CL.', '2025-05-23', 'Confirmación', TRUE),
(13, 13, 'Isabela, alerta: Transacción no autorizada detectada. Contacta a BANCO CL.', '2025-05-25', 'Alerta', FALSE),
(14, 14, 'Felipe, 3% de descuento en tu crédito hipotecario con BANCO CL.', '2025-05-27', 'Promoción', TRUE),
(15, 15, 'Laura, tu cuota de manejo de $30,000 vence el 15 de septiembre.', '2025-05-29', 'Recordatorio', FALSE),
(16, 16, 'Juliana, pago de $25,000 confirmado con tarjeta débito BANCO CL.', '2025-06-01', 'Confirmación', TRUE),
(17, 17, 'Mateo, disfruta 7% de cashback en Olímpica con BANCO CL.', '2025-06-03', 'Promoción', FALSE),
(18, 18, 'Gabriela, revisa tu saldo en la app BANCO CL para evitar cargos.', '2025-06-05', 'Alerta', FALSE),
(19, 19, 'Emilio, tu cuota de $15,000 está pendiente. Paga con PSE.', '2025-06-07', 'Recordatorio', FALSE),
(20, 20, 'Diana, 10% de descuento en seguros de viaje con BANCO CL.', '2025-06-09', 'Promoción', TRUE),
(21, 21, 'Juan José, tu pago de $25,000 fue procesado vía Nequi.', '2025-06-11', 'Confirmación', TRUE),
(22, 22, 'Natalia, alerta: Pago de cuota fallido. Reintenta en BANCO CL.', '2025-06-13', 'Alerta', FALSE),
(23, 23, 'Esteban, paga tu cuota de $18,000 antes del 25 de octubre.', '2025-06-15', 'Recordatorio', FALSE),
(24, 24, 'Daniela, 5% de descuento en cambio de divisas con BANCO CL.', '2025-06-17', 'Promoción', TRUE),
(25, 25, 'Samuel, tu pago de $30,000 fue confirmado con BANCO CL.', '2025-06-19', 'Confirmación', TRUE),
(26, 26, 'Camilo, tu cuota de $20,000 vence el 10 de noviembre.', '2025-06-21', 'Recordatorio', FALSE),
(27, 27, 'María Alejandra, disfruta 15% de descuento en Éxito con BANCO CL.', '2025-06-23', 'Promoción', FALSE),
(28, 28, 'Julián, alerta: Actividad inusual en tu cuenta BANCO CL.', '2025-06-25', 'Alerta', FALSE),
(29, 29, 'Sara, tu pago de $18,000 fue procesado con éxito.', '2025-06-27', 'Confirmación', TRUE),
(30, 30, 'Felipe Andrés, paga tu cuota de $15,000 con Daviplata antes del 30 de noviembre.', '2025-06-29', 'Recordatorio', FALSE),
(31, 31, 'Valentina, 12% de descuento en seguros de hogar con BANCO CL.', '2025-07-01', 'Promoción', TRUE),
(32, 32, 'Andrés Felipe, tu pago de $22,000 fue confirmado vía PSE.', '2025-07-03', 'Confirmación', TRUE),
(33, 33, 'Natalia Andrea, revisa tu estado de cuenta en BANCO CL.', '2025-07-05', 'Alerta', FALSE),
(34, 34, 'Tomás, tu cuota de $25,000 está pendiente. Paga antes del 20 de diciembre.', '2025-07-07', 'Recordatorio', FALSE),
(35, 35, 'Melany, 4% de descuento en créditos educativos con BANCO CL.', '2025-07-09', 'Promoción', TRUE),
(36, 36, 'Sebastián, pago de $20,000 confirmado con tarjeta crédito BANCO CL.', '2025-07-11', 'Confirmación', TRUE),
(37, 37, 'Isabela, alerta: Pago de cuota fallido. Contacta a BANCO CL.', '2025-07-13', 'Alerta', FALSE),
(38, 38, 'Juan Sebastián, paga tu cuota de $30,000 antes del 10 de enero 2026.', '2025-07-15', 'Recordatorio', FALSE),
(39, 39, 'Manuela, 10% de cashback en HomeCenter con BANCO CL.', '2025-07-17', 'Promoción', TRUE),
(40, 40, 'Alejandro, tu pago de $18,000 fue procesado vía Nequi.', '2025-07-19', 'Confirmación', TRUE),
(41, 1, 'Camila, alerta: Intento de transacción no autorizada en BANCO CL.', '2025-07-21', 'Alerta', FALSE),
(42, 5, 'Sofía, paga tu cuota de $15,000 con PSE antes del 25 de enero 2026.', '2025-07-23', 'Recordatorio', FALSE),
(43, 10, 'Daniel, 20% de descuento en seguros de viaje para San Andrés con BANCO CL.', '2025-07-25', 'Promoción', TRUE),
(44, 15, 'Laura, tu pago de $22,000 fue confirmado con BANCO CL.', '2025-07-27', 'Confirmación', TRUE),
(45, 20, 'Diana, revisa tu saldo en la app BANCO CL para evitar cargos.', '2025-07-29', 'Alerta', FALSE),
(46, 25, 'Samuel, 7% de descuento en compras en Falabella con BANCO CL.', '2025-07-31', 'Promoción', TRUE),
(47, 30, 'Felipe Andrés, tu cuota de $20,000 vence el 15 de febrero 2026.', '2025-08-02', 'Recordatorio', FALSE),
(48, 35, 'Melany, pago de $18,000 confirmado vía Daviplata con BANCO CL.', '2025-08-04', 'Confirmación', TRUE),
(49, 40, 'Alejandro, alerta: Actividad inusual en tu tarjeta BANCO CL.', '2025-08-06', 'Alerta', FALSE),
(50, 45, 'Antonella, 15% de descuento en seguros educativos con BANCO CL.', '2025-08-08', 'Promoción', TRUE);

-- DATOS DE LA TABLA PROMOCIONES --

INSERT INTO Promociones (id_promocion, nombre_promocion, descuento_aplicado, fecha_inicio, fecha_fin) VALUES
(1, 'Promo Verano', 10.00, '2025-06-01', '2025-06-30'),
(2, 'Descuento Bienvenida', 15.00, '2025-01-01', '2025-12-31'),
(3, 'Promo Días Sin IVA', 19.00, '2025-07-01', '2025-07-03'),
(4, 'Black Friday', 30.00, '2025-11-22', '2025-11-30'),
(5, 'Cyber Lunes', 25.00, '2025-12-02', '2025-12-03'),
(6, 'Promo Día del Padre', 20.00, '2025-06-10', '2025-06-16'),
(7, 'Regalo por Compra', 5.00, '2025-03-15', '2025-04-15'),
(8, 'Navidad Anticipada', 18.00, '2025-11-01', '2025-11-30'),
(9, 'Fin de Temporada', 12.00, '2025-08-01', '2025-08-15'),
(10, 'Rebaja Estudiantil', 10.00, '2025-01-15', '2025-02-15'),
(11, 'Promoción Flash', 20.00, '2025-06-25', '2025-06-26'),
(12, 'Oferta Especial', 14.00, '2025-05-01', '2025-05-15'),
(13, 'Cliente Frecuente', 10.00, '2025-01-01', '2025-12-31'),
(14, 'Día del Niño', 17.00, '2025-04-20', '2025-04-25'),
(15, '2x1 Especial', 50.00, '2025-07-10', '2025-07-15'),
(16, 'Liquidación Stock', 40.00, '2025-06-05', '2025-06-12'),
(17, 'Día del Amor', 16.00, '2025-09-10', '2025-09-15'),
(18, 'Promo Otoño', 8.00, '2025-10-01', '2025-10-31'),
(19, 'Happy Hour', 20.00, '2025-06-25', '2025-06-25'),
(20, 'Solo por Hoy', 30.00, '2025-06-24', '2025-06-24'),
(21, 'Día de la Mujer', 15.00, '2025-03-08', '2025-03-08'),
(22, 'Semana del Cliente', 12.00, '2025-07-01', '2025-07-07'),
(23, 'Promo 3 días', 11.00, '2025-08-01', '2025-08-03'),
(24, 'Ofertazo', 22.00, '2025-06-20', '2025-06-22'),
(25, 'Promo del Mes', 10.00, '2025-06-01', '2025-06-30'),
(26, 'Pack Promocional', 18.00, '2025-04-01', '2025-04-30'),
(27, 'Aniversario', 25.00, '2025-05-05', '2025-05-10'),
(28, 'Hot Sale', 35.00, '2025-06-14', '2025-06-16'),
(29, 'Descuento Día Festivo', 13.00, '2025-07-20', '2025-07-20'),
(30, 'Promo por Registro', 15.00, '2025-01-01', '2025-12-31'),
(31, 'Oferta Fin de Semana', 20.00, '2025-06-28', '2025-06-30'),
(32, 'Promoción Nueva Colección', 12.00, '2025-08-10', '2025-08-25'),
(33, 'Fin de Año', 30.00, '2025-12-20', '2025-12-31'),
(34, 'Descuento Corporativo', 20.00, '2025-06-01', '2025-12-31'),
(35, 'Promo Lealtad', 10.00, '2025-05-01', '2025-12-01'),
(36, 'Promoción Día Libre', 5.00, '2025-06-29', '2025-06-30'),
(37, 'Promo Medio Año', 15.00, '2025-06-01', '2025-06-30'),
(38, 'Oferta Exprés', 20.00, '2025-07-15', '2025-07-15'),
(39, 'Temporada Escolar', 14.00, '2025-01-10', '2025-02-10'),
(40, 'Semana Black', 25.00, '2025-11-18', '2025-11-25'),
(41, 'Rebaja Total', 28.00, '2025-09-01', '2025-09-10'),
(42, 'Descuento Web', 18.00, '2025-06-01', '2025-06-30'),
(43, 'Descuento Tienda Física', 12.00, '2025-06-01', '2025-06-30'),
(44, 'Pack Amigos', 20.00, '2025-08-05', '2025-08-15'),
(45, '2x1 Exclusivo', 50.00, '2025-07-05', '2025-07-07'),
(46, 'Regalo por Compra', 0.00, '2025-06-10', '2025-06-15'),
(47, 'Cupon Especial', 10.00, '2025-04-01', '2025-04-10'),
(48, 'Descuento Graduación', 15.00, '2025-11-01', '2025-11-15'),
(49, 'Promo Flash 24h', 22.00, '2025-06-25', '2025-06-25'),
(50, 'Promo Estilo Libre', 10.00, '2025-06-22', '2025-06-28');


-- DATOS DE LA TABLA TARJETAS_PROMOCIONES --

INSERT INTO Tarjetas_Promociones (id_tarjeta_promocion, id_tarjeta, id_promocion, fecha_aplicacion) VALUES
(1, 20001, 1, '2025-06-01'),
(2, 20002, 2, '2025-06-02'),
(3, 20003, 3, '2025-06-03'),
(4, 20004, 4, '2025-06-04'),
(5, 20005, 5, '2025-06-05'),
(6, 20006, 6, '2025-06-06'),
(7, 20007, 7, '2025-06-07'),
(8, 20008, 8, '2025-06-08'),
(9, 20009, 9, '2025-06-09'),
(10, 20010, 10, '2025-06-10'),
(11, 20011, 11, '2025-06-11'),
(12, 20012, 12, '2025-06-12'),
(13, 20013, 13, '2025-06-13'),
(14, 20014, 14, '2025-06-14'),
(15, 20015, 15, '2025-06-15'),
(16, 20016, 16, '2025-06-16'),
(17, 20017, 17, '2025-06-17'),
(18, 20018, 18, '2025-06-18'),
(19, 20019, 19, '2025-06-19'),
(20, 20020, 20, '2025-06-20'),
(21, 20021, 21, '2025-06-21'),
(22, 20022, 22, '2025-06-22'),
(23, 20023, 23, '2025-06-23'),
(24, 20024, 24, '2025-06-24'),
(25, 20025, 25, '2025-06-25'),
(26, 20026, 26, '2025-06-26'),
(27, 20027, 27, '2025-06-27'),
(28, 20028, 28, '2025-06-28'),
(29, 20029, 29, '2025-06-29'),
(30, 20030, 30, '2025-06-30'),
(31, 20031, 31, '2025-07-01'),
(32, 20032, 32, '2025-07-02'),
(33, 20033, 33, '2025-07-03'),
(34, 20034, 34, '2025-07-04'),
(35, 20035, 35, '2025-07-05'),
(36, 20036, 36, '2025-07-06'),
(37, 20037, 37, '2025-07-07'),
(38, 20038, 38, '2025-07-08'),
(39, 20039, 39, '2025-07-09'),
(40, 20040, 40, '2025-07-10'),
(41, 20001, 41, '2025-07-11'),
(42, 20002, 42, '2025-07-12'),
(43, 20003, 43, '2025-07-13'),
(44, 20004, 44, '2025-07-14'),
(45, 20005, 45, '2025-07-15'),
(46, 20006, 46, '2025-07-16'),
(47, 20007, 47, '2025-07-17'),
(48, 20008, 48, '2025-07-18'),
(49, 20009, 49, '2025-07-19'),
(50, 20010, 50, '2025-07-20');



-- roles --


-- eliminar el administrador 
DROP USER 'Administrador'@'localhost'; 

-- rol como administrador -- 
CREATE USER 'Administrador'@'localhost' IDENTIFIED BY 'Admin123!';


GRANT SELECT, INSERT, UPDATE, DELETE ON banco.Clientes TO 'Administrador'@'localhost';
GRANT SELECT, INSERT, UPDATE, DELETE ON banco.Tarjetas TO 'Administrador'@'localhost';
GRANT SELECT, INSERT, UPDATE, DELETE ON banco.Tipos_Tarjeta TO 'Administrador'@'localhost';
GRANT SELECT, INSERT, UPDATE, DELETE ON banco.Cuotas_de_Manejo TO 'Administrador'@'localhost';
GRANT SELECT, INSERT, UPDATE, DELETE ON banco.Descuentos TO 'Administrador'@'localhost';
GRANT SELECT, INSERT, UPDATE, DELETE ON banco.Historial_Descuentos TO 'Administrador'@'localhost';
GRANT SELECT, INSERT, UPDATE, DELETE ON banco.Metodos_Pago TO 'Administrador'@'localhost';
GRANT SELECT, INSERT, UPDATE, DELETE ON banco.Transacciones TO 'Administrador'@'localhost';
GRANT SELECT, INSERT, UPDATE, DELETE ON banco.Estado_Cuota TO 'Administrador'@'localhost';
GRANT SELECT, INSERT, UPDATE, DELETE ON banco.Promociones TO 'Administrador'@'localhost';
GRANT SELECT, INSERT, UPDATE, DELETE ON banco.Tarjetas_Promociones TO 'Administrador'@'localhost';
GRANT SELECT, INSERT, UPDATE, DELETE ON banco.Pagos TO 'Administrador'@'localhost';
GRANT SELECT, INSERT, UPDATE, DELETE ON banco.Historial_Pagos TO 'Administrador'@'localhost';

-- Validar

SHOW GRANTS FOR 'Administrador'@'localhost';
FLUSH PRIVILEGES;



-- rol como operador de pagos --
CREATE USER 'Operador_Pagos'@'localhost' IDENTIFIED BY 'operador123';

-- eliminar el operador de pago --
DROP USER 'Operador_Pagos'@'localhost'; 

-- Permisos
GRANT SELECT, INSERT, UPDATE ON banco.Pagos TO 'Operador_Pagos'@'localhost';
GRANT SELECT ON banco.Historial_Pagos TO 'Operador_Pagos'@'localhost';
GRANT SELECT ON banco.Tarjetas TO 'Operador_Pagos'@'localhost';
GRANT SELECT ON banco.Clientes TO 'Operador_Pagos'@'localhost';

-- Validar permisos
SHOW GRANTS FOR 'Operador_Pagos'@'localhost';
FLUSH PRIVILEGES;


-- rol como gerente --
CREATE USER 'Gerente'@'localhost' IDENTIFIED BY 'gerente123';

-- eliminar el gerente --
DROP USER 'Gerente'@'localhost'; 

GRANT SELECT ON banco.Tarjetas TO 'Gerente'@'localhost';
GRANT SELECT ON banco.Cuotas_de_Manejo TO 'Gerente'@'localhost';
GRANT SELECT ON banco.Pagos TO 'Gerente'@'localhost';
GRANT SELECT ON banco.Transacciones TO 'Gerente'@'localhost';
GRANT SELECT ON banco.Promociones TO 'Gerente'@'localhost';
GRANT SELECT ON banco.Descuentos TO 'Gerente'@'localhost';

-- Validar permisos
SHOW GRANTS FOR 'Gerente'@'localhost';
FLUSH PRIVILEGES;


-- rol como operador de consultor de tarjetas --
CREATE USER 'Consultor_Tarjetas'@'localhost' IDENTIFIED BY 'consultor123';

-- eliminar el consultor de tarjetas --
DROP USER 'Consultor_Tarjetas'@'localhost';

GRANT SELECT ON banco.Tarjetas TO 'Consultor_Tarjetas'@'localhost';
GRANT SELECT ON banco.Cuotas_de_Manejo TO 'Consultor_Tarjetas'@'localhost';
GRANT SELECT ON banco.Tipos_Tarjeta TO 'Consultor_Tarjetas'@'localhost';

-- Validar permisos
SHOW GRANTS FOR 'Consultor_Tarjetas'@'localhost';
FLUSH PRIVILEGES;



--rol como auditor --
CREATE USER 'Auditor'@'localhost' IDENTIFIED BY 'auditor123';

--eliminar el auditor --
DROP USER 'Auditor'@'localhost';

GRANT SELECT ON banco.Transacciones TO 'Auditor'@'localhost';
GRANT SELECT ON banco.Promociones TO 'Auditor'@'localhost';
GRANT SELECT ON banco.Pagos TO 'Auditor'@'localhost';

-- Validar permisos
SHOW GRANTS FOR 'Auditor'@'localhost';
FLUSH PRIVILEGES;
