-- DATOS DE LA TABLA EMPLEADOS

INSERT INTO Empleados (id_empleado, nombre_empleado, fecha_ingreso, cargo, correo) VALUES
(1, 'Carlos Andrés Pérez', '2018-02-15', 'Asesor', 'carlosandresperez@empresa.com.co'),
(2, 'María Fernanda Ríos', '2021-05-03', 'Ejecutivo', 'mariafernandarios@empresa.com.co'),
(3, 'Luis Miguel Rodríguez', '2017-09-10', 'Coordinador', 'luismiguelrodriguez@empresa.com.co'),
(4, 'Ana Sofía Martínez', '2019-11-22', 'Auxiliar', 'anasofiamartinez@empresa.com.co'),
(5, 'Julián Esteban Ramírez', '2020-07-14', 'Gerente', 'julianestebanramirez@empresa.com.co'),
(6, 'Paola Andrea Torres', '2016-03-08', 'Ejecutivo', 'paolaandreatorres@empresa.com.co'),
(7, 'Andrés Felipe Herrera', '2022-01-12', 'Asesor', 'andresfelipeherrera@empresa.com.co'),
(8, 'Laura Valentina Gómez', '2023-06-19', 'Auxiliar', 'lauravalentinagomez@empresa.com.co'),
(9, 'Santiago David Vargas', '2015-04-27', 'Gerente', 'santiagodavidvargas@empresa.com.co'),
(10, 'Catalina María Delgado', '2021-09-30', 'Coordinador', 'catalinamariadelgado@empresa.com.co'),
(11, 'Camilo José Cárdenas', '2018-12-05', 'Ejecutivo', 'camilojosecardenas@empresa.com.co'),
(12, 'Manuela Rodríguez López', '2017-07-17', 'Asesor', 'manuelarodriguezlopez@empresa.com.co'),
(13, 'Daniel Alejandro Suárez', '2020-02-11', 'Auxiliar', 'danielalejandrosuarez@empresa.com.co'),
(14, 'Natalia Andrea Méndez', '2019-08-06', 'Gerente', 'nataliaandreamendez@empresa.com.co'),
(15, 'Juan Pablo Morales', '2022-10-28', 'Ejecutivo', 'juanpablomorales@empresa.com.co'),
(16, 'Valentina Camila Niño', '2016-11-14', 'Coordinador', 'valentinacamilanino@empresa.com.co'),
(17, 'Jorge Enrique Tovar', '2018-06-01', 'Asesor', 'jorgeenriquetovar@empresa.com.co'),
(18, 'Daniela Sofía Acosta', '2021-03-09', 'Auxiliar', 'danielasofiaacosta@empresa.com.co'),
(19, 'Esteban Camargo Pérez', '2023-01-20', 'Ejecutivo', 'estebancamargoperez@empresa.com.co'),
(20, 'Tatiana Carolina Pineda', '2019-05-11', 'Gerente', 'tatianacarolinapineda@empresa.com.co'),
(21, 'Sebastián Mejía León', '2017-10-23', 'Auxiliar', 'sebastianmejialeon@empresa.com.co'),
(22, 'Karen Yuliana Salazar', '2020-01-04', 'Ejecutivo', 'karenyulianasalazar@empresa.com.co'),
(23, 'Felipe Arturo Bernal', '2022-04-18', 'Coordinador', 'felipearturobernal@empresa.com.co'),
(24, 'Sara Lucía Castaño', '2018-03-13', 'Asesor', 'saraluciacastano@empresa.com.co'),
(25, 'Miguel Ángel Peña', '2016-09-09', 'Gerente', 'miguelangelpena@empresa.com.co');
(26, 'Lorena Isabel Mendoza', '2020-08-22', 'Administrador', 'lorenaisabelmendoza@empresa.com.co'),
(27, 'Andrés Camilo Forero', '2019-04-16', 'Operador de Pagos', 'andrescamiloforero@empresa.com.co'),
(28, 'Claudia Marcela Gil', '2023-02-11', 'Consultor de Tarjetas', 'claudiamarcelagil@empresa.com.co'),
(29, 'Pedro Julián Gutiérrez', '2021-11-04', 'Auditor', 'pedrojuliangutierrez@empresa.com.co'),
(30, 'Isabella Cano Rincón', '2022-06-30', 'Ejecutivo', 'isabellacanorincon@empresa.com.co'),
(31, 'Juan Esteban Romero', '2015-12-01', 'Gerente', 'juanestebanromero@empresa.com.co'),
(32, 'Angie Paola Ruiz', '2020-10-08', 'Administrador', 'angiepaolaruiz@empresa.com.co'),
(33, 'Carlos Mauricio Bonilla', '2018-05-19', 'Asesor', 'carlosmauriciobonilla@empresa.com.co'),
(34, 'Tatiana Isabel Vargas', '2017-07-25', 'Coordinador', 'tatanaisabelvargas@empresa.com.co'),
(35, 'Diego Fernando Cárdenas', '2023-03-10', 'Auxiliar', 'diegofernandocardenas@empresa.com.co'),
(36, 'Paula Andrea Gallo', '2021-01-07', 'Consultor de Tarjetas', 'paulaandreagallo@empresa.com.co'),
(37, 'Cristian David Salinas', '2019-09-18', 'Operador de Pagos', 'cristiandavidsalinas@empresa.com.co'),
(38, 'Juliana María Quintero', '2020-06-03', 'Ejecutivo', 'julianamariaquintero@empresa.com.co'),
(39, 'Oscar Leonardo Pineda', '2016-04-28', 'Auditor', 'oscarleonardopineda@empresa.com.co'),
(40, 'Mónica Alejandra Díaz', '2022-12-21', 'Asesor', 'monicaalejandradiaz@empresa.com.co'),
(41, 'Javier Andrés Núñez', '2017-03-15', 'Gerente', 'javierandresnunez@empresa.com.co'),
(42, 'Daniela Tatiana López', '2018-10-27', 'Administrador', 'danielatatianalopez@empresa.com.co'),
(43, 'Felipe Camilo Ortegón', '2023-04-14', 'Auxiliar', 'felipecamiloortegon@empresa.com.co'),
(44, 'Luisa Fernanda Londoño', '2016-08-17', 'Consultor de Tarjetas', 'luisafernandalondono@empresa.com.co'),
(45, 'Camila Andrea Jiménez', '2021-02-25', 'Operador de Pagos', 'camilaandreajimenez@empresa.com.co'),
(46, 'Santiago Ramírez Hoyos', '2019-06-09', 'Coordinador', 'santiagoramirezhoyos@empresa.com.co'),
(47, 'Valeria Sofía Barrera', '2020-11-12', 'Auditor', 'valeriasofiabarrera@empresa.com.co'),
(48, 'Ricardo José Palacios', '2023-05-06', 'Asesor', 'ricardojosepalacios@empresa.com.co'),
(49, 'Natalia Beatriz Cruz', '2017-01-13', 'Administrador', 'nataliabeatrizcruz@empresa.com.co'),
(50, 'Manuel Alejandro Salcedo', '2022-08-29', 'Gerente', 'manuelalejandrosalcedo@empresa.com.co');

-- DATOS DE LA TABLA CLIENTES --

INSERT INTO Clientes (id_cliente, nombre, numero_cuenta, telefono, correo, id_empleado) VALUES
(1, 'Camila Hernández', '1293847583', ' 3114567890', 'camilahernandez@gmail.com', 5),
(2, 'David Torres', '2309485761', ' 3167891234', 'davidtorres@gmail.com', 3),
(3, 'Luisa Fernanda Gutiérrez', '9876543210', ' 3109876543', 'luisafernandag@mail.com', 7),
(4, 'Andrés López', '5647382910', ' 3151234567', 'andreslopez@gmail.com', 2),
(5, 'Sofía Pérez', '8473629102', ' 3147894561', 'sofiaperez@gmail.com', 1),
(6, 'Juan Camilo Rodríguez', '3948571028', ' 3196543210', 'juancamilor@gmail.com', 9),
(7, 'Valentina Rojas', '2983746501', ' 3123456789', 'valentinarojas@gmail.com', 4),
(8, 'Carlos Eduardo Nieto', '8374659201', ' 3104567891', 'carlosnieto@gmail.com', 6),
(9, 'Mariana Arias', '5647389201', ' 3145678902', 'marianaarias@gmail.com', 11),
(10, 'Daniel Esteban Ruiz', '1092837465', ' 3171234567', 'danielruiz@gmail.com', 8),
(11, 'Tatiana Forero', '3847561920', ' 3134567890', 'tatianaforero@gmail.com', 13),
(12, 'Santiago León', '9081726345', ' 3187890123', 'santiagoleon@gmail.com', 14),
(13, 'Isabela Martínez', '6574839201', ' 3107894561', 'isabelamartinez@gmail.com', 15),
(14, 'Felipe Acosta', '1938475602', ' 3129876543', 'felipeacosta@gmail.com', 12),
(15, 'Laura Jiménez', '3847562910', ' 3114561234', 'laurajimenez@gmail.com', 10),
(16, 'Juliana Vargas', '2736458190', ' 3199876543', 'julianavargas@gmail.com', 18),
(17, 'Mateo Ramírez', '1982736450', ' 3156789123', 'mateoramirez@gmail.com', 19),
(18, 'Gabriela Romero', '8374652810', ' 3137894561', 'gabrielaromero@gmail.com', 20),
(19, 'Emilio Salinas', '3748592018', ' 3124567890', 'emiliosalinas@gmail.com', 21),
(20, 'Diana Lucía Morales', '6573849201', ' 3103456789', 'dianamorales@gmail.com', 17),
(21, 'Juan José Castillo', '2948571039', ' 3198765432', 'juanjosecastillo@gmail.com', 22),
(22, 'Natalia Cano', '1827364950', ' 3165432187', 'nataliacano@gmail.com', 23),
(23, 'Esteban Beltrán', '7583946201', ' 3157896543', 'estebanbeltran@gmail.com', 16),
(24, 'Daniela Montoya', '3847561928', ' 3145678123', 'danielamontoya@gmail.com', 24),
(25, 'Samuel Quintero', '1938475610', ' 3117892345', 'samuelquintero@gmail.com', 25),
(26, 'Camilo Cárdenas', '2039485762', ' 3109871234', 'camilocardenas@gmail.com', 26),
(27, 'María Alejandra Ruiz', '8473629103', ' 3118765432', 'marialejandraruiz@gmail.com', 27),
(28, 'Julián Escobar', '3847561921', ' 3127654321', 'julianescobar@gmail.com', 28),
(29, 'Sara Milena Castro', '6574839202', ' 3136543210', 'saramilenacastro@gmail.com', 29),
(30, 'Felipe Andrés Mejía', '1938475603', ' 3145432109', 'felipeandresmejia@gmail.com', 30),
(31, 'Valentina Moreno', '9081726346', ' 3154321098', 'valentinamoreno@gmail.com', 31),
(32, 'Andrés Felipe Duarte', '1293847584', ' 3163210987', 'andresfelipeduarte@gmail.com', 32),
(33, 'Natalia Andrea Pino', '2309485762', ' 3172109876', 'nataliaandreapino@gmail.com', 33),
(34, 'Tomás Giraldo', '9876543211', ' 3181098765', 'tomasgiraldo@gmail.com', 34),
(35, 'Melany Rodríguez', '5647382911', ' 3199988776', 'melanyrodriguez@gmail.com', 35),
(36, 'Sebastián Lozano', '8473629104', ' 3128877665', 'sebastianlozano@gmail.com', 36),
(37, 'Isabela Cifuentes', '3948571029', ' 3107766554', 'isabelacifuentes@gmail.com', 37),
(38, 'Juan Sebastián Mora', '2983746502', ' 3116655443', 'juansebastianmora@gmail.com', 38),
(39, 'Manuela Torres', '8374659202', ' 3145544332', 'manuelatorres@gmail.com', 39),
(40, 'Alejandro Molina', '5647389202', ' 3164433221', 'alejandromolina@gmail.com', 40),
(41, 'Laura Valeria Chávez', '1092837466', ' 3173322110', 'laurachavez@gmail.com', 41),
(42, 'David Santiago Buitrago', '3847561922', ' 3182211009', 'davidsbuitrago@gmail.com', 42),
(43, 'Daniela Sofía Páez', '9081726347', ' 3191100998', 'danielasofia.paez@gmail.com', 43),
(44, 'Emilio Andrés Barrera', '6574839203', ' 3120099887', 'emilioabarrera@gmail.com', 44),
(45, 'Antonella Meneses', '1938475604', ' 3139988776', 'antonellameneses@gmail.com', 45),
(46, 'Samuel Alejandro Rico', '3847562912', ' 3148877665', 'samuelarico@gmail.com', 46),
(47, 'Mariana Sofía Prieto', '2736458191', ' 3157766554', 'marianaprieto@gmail.com', 47),
(48, 'Juan Pablo Benítez', '1982736451', ' 3166655443', 'juanpbenitez@gmail.com', 48),
(49, 'Luciana Gualteros', '8374652811', ' 3175544332', 'lucianagualteros@gmail.com', 49),
(50, 'Cristóbal Jiménez', '3748592019', ' 3184433221', 'cristobaljimenez@gmail.com', 50);

-- DATOS DE LA TABLA TIPOS_TARJETA--

INSERT INTO Tipos_Tarjeta (id_tipo_tarjeta, nombre_tipo, monto_apertura) VALUES
(3618, 'Black', 750000.00),
(3960, 'Internacional', 50000.00),
(5541, 'Empresarial', 30000.00),
(1241, 'Platina', 30000.00),
(3310, 'Joven', 150000.00),
(8488, 'Clásica', 50000.00),
(2488, 'Digital', 50000.00),
(2564, 'Premium', 750000.00),
(1008, 'Premium', 150000.00),
(4503, 'Joven', 150000.00),
(9694, 'Eco', 500000.00),
(4859, 'Platina', 500000.00),
(5095, 'Black', 100000.00),
(8860, 'Digital', 500000.00),
(7043, 'Premium', 100000.00),
(7000, 'Platina', 200000.00),
(2464, 'Oro', 50000.00),
(6474, 'Eco', 150000.00),
(1500, 'Digital', 150000.00),
(7641, 'Internacional', 50000.00),
(4539, 'Oro', 750000.00),
(2361, 'Digital', 200000.00),
(5106, 'Empresarial', 200000.00),
(7249, 'Black', 30000.00),
(4233, 'Empresarial', 300000.00),
(4723, 'Premium', 750000.00),
(1960, 'Digital', 150000.00),
(4074, 'Premium', 500000.00),
(5272, 'Joven', 500000.00),
(7947, 'Platina', 30000.00),
(2194, 'Empresarial', 30000.00),
(1405, 'Internacional', 75000.00),
(3785, 'Oro', 250000.00),
(8050, 'Eco', 300000.00),
(4158, 'Black', 250000.00),
(8258, 'Premium', 300000.00),
(1940, 'Clásica', 500000.00),
(2567, 'Eco', 50000.00),
(1556, 'Oro', 30000.00),
(9450, 'Black', 100000.00);

-- -- DATOS DE LA TARJETA --

INSERT INTO Tarjetas (id_tarjeta, id_cliente, id_tipo_tarjeta, id_descuento) VALUES
(20001, 12, 3618, 5),
(20002, 34, 3960, 3),
(20003, 45, 5541, 12),
(20004, 8, 1241, 7),
(20005, 21, 3310, 18),
(20006, 56, 8488, 2),
(20007, 63, 2488, 6),
(20008, 29, 2564, 14),
(20009, 11, 1008, 9),
(20010, 87, 4503, 1),
(20011, 32, 9694, 4),
(20012, 77, 4859, 11),
(20013, 58, 5095, 13),
(20014, 4, 8860, 10);

